model,pooled_mae,pooled_rmse,pooled_rmsle,pooled_wape_percentage
xgboost_log_target_nested,60.38503484172736,229.9979843417664,0.3877307125487945,12.779232839313018
shifted_28_day_mean,110.2303819841512,379.5072681607829,0.5007112903873361,23.327960661678198
weekly_seasonal_naive,79.97614462993512,308.85428658215994,0.5464285466908713,16.925282505761956
lag_16,163.82255759307597,602.7345323506426,0.6535097574950872,34.66962656063606
lag_364,138.20381535747373,519.0333687052962,0.9446603293461112,29.247954238392538
zero,472.5247250833684,1380.3014888705995,4.409367938238464,100.0
